{
  "SARIMA": {
    "MAE": 14778.158294402288,
    "RMSE": 15559.174371809486,
    "MAPE": 20.52255633205041,
    "F1": 51831.652504185484,
    "F2": 66781.35841665606,
    "F3": 66407.91940404841
  },
  "Prophet": {
    "MAE": 15874.88420797662,
    "RMSE": 16391.649328158957,
    "MAPE": 24.29784986815905,
    "F1": 51616.01505871709,
    "F2": 75822.78219094835,
    "F3": 78523.8834735953
  },
  "XGBoost": {
    "MAE": 13847.333331249998,
    "RMSE": 16272.718499289414,
    "MAPE": 18.38224998740149,
    "F1": 57952.23046875,
    "F2": 62066.52734375,
    "F3": 65021.19140625
  }
}